Workbook

Sheet Başla
A1: Bitirme Projesi · Kişisel Finansal Plan (4.4)
A2: ŞABLON · kendi (ya da açıkça 'uydurma' diye işaretli) verinizle doldurun · gerçek kimlik, IBAN, kart numarası YAZMAYIN
A3: Sarı hücre = girdi (değiştirebilirsiniz) · beyaz hücre = formül (elle yazmayın)
A5: Sırayla doldurun: Bütçe → Nakit Akışı → Hedefler → Varsayımlar. Sonra aşağıdaki listeyi işaretleyin.
A7: Ölçüt | B7: Ne istenir? | C7: Tamam mı?
A8: Ç1 | B8: Dosya açılıyor, hiçbir hücrede #DIV/0!, #REF!, #VALUE! yok; girdi ve formül hücreleri ayrı | C8: Hayır
A9: Ç2 | B9: Bütçe: kategori, plan, gerçekleşen, fark; toplamlar formülle | C9: Hayır
A10: Ç3 | B10: 12 aylık nakit akışı: açılış → giriş → çıkış → kapanış, aylar birbirine bağlı, açık aylar işaretli | C10: Hayır
A11: Ç4 | B11: Borç ya da birikim: ödeme planı veya aylık katkı DEVRESEL_ÖDEME (PMT) ile; toplam faiz yazılı | C11: Hayır
A12: Ç5 | B12: Enflasyon: hedef tutar enflasyon varsayımıyla güncellendi; varsayım etiketli | C12: Hayır
A13: Ç6 | B13: Karar: en az 3 hedef, öncelik sırası, 'plan yetiyor mu?' sonucu ve bir değişiklik denemesi | C13: Hayır
A14: Ç7 | B14: Tek sayfa rapor: durum, 3 karar, varsayımlar listesi (her oran: kaynak + tarih ya da 'ÖRNEK') | C14: Hayır
A15: Ç8 | B15: KIRMIZI ÇİZGİ: gerçek kimlik/IBAN/kart no yok · ürün/hisse/fon önerisi ve getiri vaadi yok · kaynaksız 'bugünkü oran' yok | C15: Hayır
B17: Tamamlanan ölçüt sayısı (8 olmalı) | C17: =COUNTIF(C8:C15,"Evet")
B18: Sonuç | C18: =IF(C17=8,"TESLİME HAZIR","EKSİK VAR")

Sheet Bütçe
A1: Aylık Bütçe
A2: ŞABLON · kendi (ya da açıkça 'uydurma' diye işaretli) verinizle doldurun · gerçek kimlik, IBAN, kart numarası YAZMAYIN
A3: Sarı hücre = girdi (değiştirebilirsiniz) · beyaz hücre = formül (elle yazmayın)
A5: Kategori | B5: Zorunlu mu? | C5: Plan | D5: Gerçekleşen | E5: Fark (plan − gerçek) | F5: Durum
C6: 0 | D6: 0 | E6: =C6-D6 | F6: =IF(E6<0,"AŞILDI","")
C7: 0 | D7: 0 | E7: =C7-D7 | F7: =IF(E7<0,"AŞILDI","")
C8: 0 | D8: 0 | E8: =C8-D8 | F8: =IF(E8<0,"AŞILDI","")
C9: 0 | D9: 0 | E9: =C9-D9 | F9: =IF(E9<0,"AŞILDI","")
C10: 0 | D10: 0 | E10: =C10-D10 | F10: =IF(E10<0,"AŞILDI","")
C11: 0 | D11: 0 | E11: =C11-D11 | F11: =IF(E11<0,"AŞILDI","")
C12: 0 | D12: 0 | E12: =C12-D12 | F12: =IF(E12<0,"AŞILDI","")
C13: 0 | D13: 0 | E13: =C13-D13 | F13: =IF(E13<0,"AŞILDI","")
C14: 0 | D14: 0 | E14: =C14-D14 | F14: =IF(E14<0,"AŞILDI","")
C15: 0 | D15: 0 | E15: =C15-D15 | F15: =IF(E15<0,"AŞILDI","")
A16: Toplam gider | C16: =SUM(C6:C15) | D16: =SUM(D6:D15) | E16: =C16-D16
A18: Aylık gelir | C18: 0
A19: Birikime ayrılan | C19: 0
A20: Kalan (gelir − gerçekleşen gider − birikim) | C20: =C18-D16-C19
A21: Zorunlu giderler (gerçekleşen) | C21: =SUMIF(B6:B15,"Evet",D6:D15)
A23: Acil durum fonu
A24: Hedef: kaç aylık zorunlu gider? | C24: 0
A25: Acil fon hedefi | C25: =C21*C24
A26: Şu an ayrılmış tutar | C26: 0
A27: Her ay ayırabileceğim | C27: 0
A28: Hedefe kaç ayda ulaşırım? | C28: =IF(C25-C26<=0,0,IFERROR(ROUNDUP((C25-C26)/C27,0),0))

Sheet Nakit Akışı
A1: 12 Aylık Nakit Akışı
A2: ŞABLON · kendi (ya da açıkça 'uydurma' diye işaretli) verinizle doldurun · gerçek kimlik, IBAN, kart numarası YAZMAYIN
A3: Sarı hücre = girdi (değiştirebilirsiniz) · beyaz hücre = formül (elle yazmayın)
A5: Kalem | B5: Ocak | C5: Şubat | D5: Mart | E5: Nisan | F5: Mayıs | G5: Haziran | H5: Temmuz | I5: Ağustos | J5: Eylül | K5: Ekim | L5: Kasım | M5: Aralık | N5: Yıl toplamı
A6: Açılış bakiyesi | B6: 0 | C6: =B12 | D6: =C12 | E6: =D12 | F6: =E12 | G6: =F12 | H6: =G12 | I6: =H12 | J6: =I12 | ... M6: =L12
A7: Düzenli gelir | B7: ='Bütçe'!$C$18 | C7: ='Bütçe'!$C$18 | D7: ='Bütçe'!$C$18 | E7: ='Bütçe'!$C$18 | F7: ='Bütçe'!$C$18 | G7: ='Bütçe'!$C$18 | H7: ='Bütçe'!$C$18 | I7: ='Bütçe'!$C$18 | ... M7: ='Bütçe'!$C$18 | N7: =SUM(B7:M7)
A8: Düzensiz gelir | B8: 0 | C8: 0 | D8: 0 | E8: 0 | F8: 0 | G8: 0 | H8: 0 | I8: 0 | J8: 0 | K8: 0 | L8: 0 | M8: 0 | N8: =SUM(B8:M8)
A9: Düzenli gider | B9: ='Bütçe'!$D$16 | C9: ='Bütçe'!$D$16 | D9: ='Bütçe'!$D$16 | E9: ='Bütçe'!$D$16 | F9: ='Bütçe'!$D$16 | G9: ='Bütçe'!$D$16 | H9: ='Bütçe'!$D$16 | I9: ='Bütçe'!$D$16 | ... M9: ='Bütçe'!$D$16 | N9: =SUM(B9:M9)
A10: Dönemsel gider | B10: 0 | C10: 0 | D10: 0 | E10: 0 | F10: 0 | G10: 0 | H10: 0 | I10: 0 | J10: 0 | K10: 0 | L10: 0 | M10: 0 | N10: =SUM(B10:M10)
A11: Birikime ayrılan | B11: ='Bütçe'!$C$19 | C11: ='Bütçe'!$C$19 | D11: ='Bütçe'!$C$19 | E11: ='Bütçe'!$C$19 | F11: ='Bütçe'!$C$19 | G11: ='Bütçe'!$C$19 | H11: ='Bütçe'!$C$19 | I11: ='Bütçe'!$C$19 | ... M11: ='Bütçe'!$C$19 | N11: =SUM(B11:M11)
A12: Kapanış bakiyesi | B12: =B6+B7+B8-B9-B10-B11 | C12: =C6+C7+C8-C9-C10-C11 | D12: =D6+D7+D8-D9-D10-D11 | E12: =E6+E7+E8-E9-E10-E11 | F12: =F6+F7+F8-F9-F10-F11 | G12: =G6+G7+G8-G9-G10-G11 | H12: =H6+H7+H8-H9-H10-H11 | I12: =I6+I7+I8-I9-I10-I11 | ... M12: =M6+M7+M8-M9-M10-M11
A13: Durum | B13: =IF(B12<0,"AÇIK","") | C13: =IF(C12<0,"AÇIK","") | D13: =IF(D12<0,"AÇIK","") | E13: =IF(E12<0,"AÇIK","") | F13: =IF(F12<0,"AÇIK","") | G13: =IF(G12<0,"AÇIK","") | H13: =IF(H12<0,"AÇIK","") | I13: =IF(I12<0,"AÇIK","") | ... M13: =IF(M12<0,"AÇIK","")
A15: En düşük kapanış | B15: =MIN(B12:M12)
A16: Açık veren ay sayısı | B16: =COUNTIF(B12:M12,"<0")

Sheet Hedefler
A1: Finansal Hedefler
A2: ŞABLON · kendi (ya da açıkça 'uydurma' diye işaretli) verinizle doldurun · gerçek kimlik, IBAN, kart numarası YAZMAYIN
A3: Sarı hücre = girdi (değiştirebilirsiniz) · beyaz hücre = formül (elle yazmayın)
A5: Yıllık enflasyon (ÖRNEK) | C5: 0
A6: Birikimin aylık getirisi (ÖRNEK) | C6: 0
A7: Her ay hedeflere ayırabileceğim | C7: 0
A9: Hedef | B9: Öncelik | C9: Bugünkü tutar | D9: Kaç ay sonra | E9: O günkü tahmini tutar | F9: Aylık katkı | G9: Plana dahil mi?
C10: 0 | D10: 12 | E10: =C10*(1+$C$5)^(D10/12) | F10: =IFERROR(-PMT($C$6,D10,0,E10),0) | G10: Hayır
C11: 0 | D11: 12 | E11: =C11*(1+$C$5)^(D11/12) | F11: =IFERROR(-PMT($C$6,D11,0,E11),0) | G11: Hayır
C12: 0 | D12: 12 | E12: =C12*(1+$C$5)^(D12/12) | F12: =IFERROR(-PMT($C$6,D12,0,E12),0) | G12: Hayır
C13: 0 | D13: 12 | E13: =C13*(1+$C$5)^(D13/12) | F13: =IFERROR(-PMT($C$6,D13,0,E13),0) | G13: Hayır
A15: Plana dahil hedeflerin aylık katkısı | F15: =SUMIF(G10:G13,"Evet",F10:F13)
A16: Her ay ayırabileceğim | F16: =C7
A17: Fark | F17: =F16-F15
A18: Durum | F18: =IF(F17>=0,"PLAN YETİYOR","PLAN YETMİYOR — süre, tutar ya da öncelik değişmeli")
A20: Tahmini tutar = bugünkü tutar × (1 + yıllık enflasyon) ^ (ay / 12). Enflasyon ve getiri örnek varsayımdır.

Sheet Varsayımlar
A1: Varsayımlar ve Kaynaklar
A2: ŞABLON · kendi (ya da açıkça 'uydurma' diye işaretli) verinizle doldurun · gerçek kimlik, IBAN, kart numarası YAZMAYIN
A3: Sarı hücre = girdi (değiştirebilirsiniz) · beyaz hücre = formül (elle yazmayın)
A5: Varsayım | B5: Değer | C5: Kaynak (ya da 'ÖRNEK — kaynak yok') | D5: Tarih
A6: Yıllık enflasyon | B6: ='Hedefler'!C5
A7: Birikimin aylık getirisi | B7: ='Hedefler'!C6
