Workbook

Sheet Gelir-Gider
A1: Gelir-Gider Kaydı · bir ay (1.1)
A2: ÖRNEK VERİ · Deniz Örnek uydurma bir kişidir · oranlar ÖRNEK değerdir, bugünkü piyasa bilgisi değildir
A3: Sarı hücre = girdi (değiştirebilirsiniz) · beyaz hücre = formül (elle yazmayın)
A5: Gün | B5: Açıklama | C5: Kategori | D5: Tür | E5: Tutar | G5: Özet | H5: Tutar
A6: 1 | B6: Maaş | C6: Maaş | D6: Gelir | E6: 42000 | G6: Toplam gelir | H6: =SUMIF($D$6:$D$25,"Gelir",$E$6:$E$25)
A7: 1 | B7: Kira | C7: Kira | D7: Gider | E7: 15000 | G7: Toplam gider | H7: =SUMIF($D$6:$D$25,"Gider",$E$6:$E$25)
A8: 2 | B8: Market alışverişi | C8: Market | D8: Gider | E8: 2100 | G8: Birikime ayrılan | H8: =SUMIF($D$6:$D$25,"Birikim",$E$6:$E$25)
A9: 3 | B9: Elektrik, su, doğalgaz | C9: Faturalar | D9: Gider | E9: 2800 | G9: Kalan (gelir − gider − birikim) | H9: =H6-H7-H8
A10: 4 | B10: Toplu taşıma kartı | C10: Ulaşım | D10: Gider | E10: 1200 | G10: Gelirin birikime giden payı | H10: =IFERROR(H8/H6,0)
A11: 5 | B11: Telefon ve internet | C11: Faturalar | D11: Gider | E11: 900
A12: 7 | B12: Kafe | C12: Dışarıda yemek | D12: Gider | E12: 450 | G12: Kategori | H12: Bu ay
A13: 9 | B13: Market alışverişi | C13: Market | D13: Gider | E13: 2600 | G13: Kira | H13: =SUMIF($C$6:$C$25,G13,$E$6:$E$25)
A14: 10 | B14: Serbest iş ödemesi | C14: Ek gelir | D14: Gelir | E14: 3500 | G14: Faturalar | H14: =SUMIF($C$6:$C$25,G14,$E$6:$E$25)
A15: 12 | B15: Dizi aboneliği | C15: Abonelik | D15: Gider | E15: 250 | G15: Market | H15: =SUMIF($C$6:$C$25,G15,$E$6:$E$25)
A16: 14 | B16: Giyim | C16: Giyim | D16: Gider | E16: 1800 | G16: Ulaşım | H16: =SUMIF($C$6:$C$25,G16,$E$6:$E$25)
A17: 16 | B17: Market alışverişi | C17: Market | D17: Gider | E17: 2300 | G17: Dışarıda yemek | H17: =SUMIF($C$6:$C$25,G17,$E$6:$E$25)
A18: 18 | B18: Akşam yemeği | C18: Dışarıda yemek | D18: Gider | E18: 1400 | G18: Abonelik | H18: =SUMIF($C$6:$C$25,G18,$E$6:$E$25)
A19: 20 | B19: Taksi | C19: Ulaşım | D19: Gider | E19: 650 | G19: Giyim | H19: =SUMIF($C$6:$C$25,G19,$E$6:$E$25)
A20: 21 | B20: Spor salonu | C20: Abonelik | D20: Gider | E20: 1100 | G20: Sağlık | H20: =SUMIF($C$6:$C$25,G20,$E$6:$E$25)
A21: 22 | B21: Kitap | C21: Diğer | D21: Gider | E21: 350 | G21: Diğer | H21: =SUMIF($C$6:$C$25,G21,$E$6:$E$25)
A22: 23 | B22: Market alışverişi | C22: Market | D22: Gider | E22: 1900 | G22: Kategoriler toplamı | H22: =SUM(H13:H21)
A23: 25 | B23: Hediye | C23: Diğer | D23: Gider | E23: 1200 | G23: Toplam giderle aynı mı? | H23: =IF(ROUND(H22-H7,2)=0,"EVET","HAYIR — kategori eksik")
A24: 27 | B24: Eczane | C24: Sağlık | D24: Gider | E24: 600
A25: 29 | B25: Birikim hesabına aktarım | C25: Birikim | D25: Birikim | E25: 4000

Sheet Bütçe
A1: Aylık Bütçe · plan ve gerçekleşen (1.2)
A2: ÖRNEK VERİ · Deniz Örnek uydurma bir kişidir · oranlar ÖRNEK değerdir, bugünkü piyasa bilgisi değildir
A3: Sarı hücre = girdi (değiştirebilirsiniz) · beyaz hücre = formül (elle yazmayın)
A5: Kategori | B5: Zorunlu mu? | C5: Plan | D5: Gerçekleşen | E5: Fark (plan − gerçek) | F5: Gelire oranı | G5: Durum
A6: Kira | B6: Evet | C6: 15000 | D6: =SUMIF('Gelir-Gider'!$C$6:$C$25,A6,'Gelir-Gider'!$E$6:$E$25) | E6: =C6-D6 | F6: =IFERROR(D6/$C$19,0) | G6: =IF(E6<0,"AŞILDI","")
A7: Faturalar | B7: Evet | C7: 3500 | D7: =SUMIF('Gelir-Gider'!$C$6:$C$25,A7,'Gelir-Gider'!$E$6:$E$25) | E7: =C7-D7 | F7: =IFERROR(D7/$C$19,0) | G7: =IF(E7<0,"AŞILDI","")
A8: Market | B8: Evet | C8: 8000 | D8: =SUMIF('Gelir-Gider'!$C$6:$C$25,A8,'Gelir-Gider'!$E$6:$E$25) | E8: =C8-D8 | F8: =IFERROR(D8/$C$19,0) | G8: =IF(E8<0,"AŞILDI","")
A9: Ulaşım | B9: Evet | C9: 2000 | D9: =SUMIF('Gelir-Gider'!$C$6:$C$25,A9,'Gelir-Gider'!$E$6:$E$25) | E9: =C9-D9 | F9: =IFERROR(D9/$C$19,0) | G9: =IF(E9<0,"AŞILDI","")
A10: Dışarıda yemek | B10: Hayır | C10: 1500 | D10: =SUMIF('Gelir-Gider'!$C$6:$C$25,A10,'Gelir-Gider'!$E$6:$E$25) | E10: =C10-D10 | F10: =IFERROR(D10/$C$19,0) | G10: =IF(E10<0,"AŞILDI","")
A11: Abonelik | B11: Hayır | C11: 1200 | D11: =SUMIF('Gelir-Gider'!$C$6:$C$25,A11,'Gelir-Gider'!$E$6:$E$25) | E11: =C11-D11 | F11: =IFERROR(D11/$C$19,0) | G11: =IF(E11<0,"AŞILDI","")
A12: Giyim | B12: Hayır | C12: 1000 | D12: =SUMIF('Gelir-Gider'!$C$6:$C$25,A12,'Gelir-Gider'!$E$6:$E$25) | E12: =C12-D12 | F12: =IFERROR(D12/$C$19,0) | G12: =IF(E12<0,"AŞILDI","")
A13: Sağlık | B13: Evet | C13: 700 | D13: =SUMIF('Gelir-Gider'!$C$6:$C$25,A13,'Gelir-Gider'!$E$6:$E$25) | E13: =C13-D13 | F13: =IFERROR(D13/$C$19,0) | G13: =IF(E13<0,"AŞILDI","")
A14: Diğer | B14: Hayır | C14: 800 | D14: =SUMIF('Gelir-Gider'!$C$6:$C$25,A14,'Gelir-Gider'!$E$6:$E$25) | E14: =C14-D14 | F14: =IFERROR(D14/$C$19,0) | G14: =IF(E14<0,"AŞILDI","")
A15: Toplam gider | C15: =SUM(C6:C14) | D15: =SUM(D6:D14) | E15: =C15-D15 | F15: =IFERROR(D15/$C$19,0)
A17: Zorunlu giderler toplamı | C17: =SUMIF($B$6:$B$14,"Evet",C6:C14) | D17: =SUMIF($B$6:$B$14,"Evet",D6:D14)
A19: Aylık gelir (Gelir-Gider sayfasından) | C19: ='Gelir-Gider'!H6 | D19: ='Gelir-Gider'!H6
A20: Birikime ayrılan | C20: 4000 | D20: ='Gelir-Gider'!H8
A21: Kalan (gelir − gider − birikim) | C21: =C19-C15-C20 | D21: =D19-D15-D20
A23: Plan sütununu siz yazarsınız; gerçekleşen sütunu Gelir-Gider sayfasındaki kayıtlardan kendiliğinden gelir.

Sheet Nakit Akışı
A1: 12 Aylık Kişisel Nakit Akışı · örnek yıl (1.3)
A2: ÖRNEK VERİ · Deniz Örnek uydurma bir kişidir · oranlar ÖRNEK değerdir, bugünkü piyasa bilgisi değildir
A3: Sarı hücre = girdi (değiştirebilirsiniz) · beyaz hücre = formül (elle yazmayın)
A5: Kalem | B5: Ocak | C5: Şubat | D5: Mart | E5: Nisan | F5: Mayıs | G5: Haziran | H5: Temmuz | I5: Ağustos | J5: Eylül | K5: Ekim | L5: Kasım | M5: Aralık | N5: Yıl toplamı
A6: Açılış bakiyesi | B6: 2000 | C6: =B12 | D6: =C12 | E6: =D12 | F6: =E12 | G6: =F12 | H6: =G12 | I6: =H12 | J6: =I12 | ... M6: =L12
A7: Düzenli gelir (Bütçe) | B7: ='Bütçe'!$C$19 | C7: ='Bütçe'!$C$19 | D7: ='Bütçe'!$C$19 | E7: ='Bütçe'!$C$19 | F7: ='Bütçe'!$C$19 | G7: ='Bütçe'!$C$19 | H7: ='Bütçe'!$C$19 | I7: ='Bütçe'!$C$19 | ... M7: ='Bütçe'!$C$19 | N7: =SUM(B7:M7)
A8: Düzensiz gelir | B8: 0 | C8: 0 | D8: 0 | E8: 0 | F8: 0 | G8: 0 | H8: 0 | I8: 0 | J8: 0 | K8: 0 | L8: 5000 | M8: 15000 | N8: =SUM(B8:M8)
A9: Düzenli gider (Bütçe) | B9: ='Bütçe'!$D$15 | C9: ='Bütçe'!$D$15 | D9: ='Bütçe'!$D$15 | E9: ='Bütçe'!$D$15 | F9: ='Bütçe'!$D$15 | G9: ='Bütçe'!$D$15 | H9: ='Bütçe'!$D$15 | I9: ='Bütçe'!$D$15 | ... M9: ='Bütçe'!$D$15 | N9: =SUM(B9:M9)
A10: Dönemsel gider (sigorta, tatil …) | B10: 0 | C10: 0 | D10: 14000 | E10: 0 | F10: 0 | G10: 0 | H10: 25000 | I10: 0 | J10: 12000 | K10: 0 | L10: 0 | M10: 6000 | N10: =SUM(B10:M10)
A11: Birikime ayrılan (Bütçe) | B11: ='Bütçe'!$C$20 | C11: ='Bütçe'!$C$20 | D11: ='Bütçe'!$C$20 | E11: ='Bütçe'!$C$20 | F11: ='Bütçe'!$C$20 | G11: ='Bütçe'!$C$20 | H11: ='Bütçe'!$C$20 | I11: ='Bütçe'!$C$20 | ... M11: ='Bütçe'!$C$20 | N11: =SUM(B11:M11)
A12: Kapanış bakiyesi | B12: =B6+B7+B8-B9-B10-B11 | C12: =C6+C7+C8-C9-C10-C11 | D12: =D6+D7+D8-D9-D10-D11 | E12: =E6+E7+E8-E9-E10-E11 | F12: =F6+F7+F8-F9-F10-F11 | G12: =G6+G7+G8-G9-G10-G11 | H12: =H6+H7+H8-H9-H10-H11 | I12: =I6+I7+I8-I9-I10-I11 | ... M12: =M6+M7+M8-M9-M10-M11
A13: Durum | B13: =IF(B12<0,"AÇIK","") | C13: =IF(C12<0,"AÇIK","") | D13: =IF(D12<0,"AÇIK","") | E13: =IF(E12<0,"AÇIK","") | F13: =IF(F12<0,"AÇIK","") | G13: =IF(G12<0,"AÇIK","") | H13: =IF(H12<0,"AÇIK","") | I13: =IF(I12<0,"AÇIK","") | ... M13: =IF(M12<0,"AÇIK","")
A15: En düşük kapanış | B15: =MIN(B12:M12)
A16: Açık veren ay sayısı | B16: =COUNTIF(B12:M12,"<0")
A18: Düzensiz gelir ve dönemsel gider satırları sarı: yıl içinde ne zaman geleceğini siz yazarsınız.

Sheet Acil Durum Fonu
A1: Acil Durum Fonu Hedefi (1.4)
A2: ÖRNEK VERİ · Deniz Örnek uydurma bir kişidir · oranlar ÖRNEK değerdir, bugünkü piyasa bilgisi değildir
A3: Sarı hücre = girdi (değiştirebilirsiniz) · beyaz hücre = formül (elle yazmayın)
A5: Zorunlu aylık gider (Bütçe sayfasından) | C5: ='Bütçe'!D17
A6: Hedef: kaç aylık zorunlu gider? | C6: 3 | D6: Kendi durumunuza göre seçin — kurs sabit bir sayı önermez.
A7: Hedef tutar | C7: =C5*C6
A8: Şu an ayrılmış tutar | C8: 12000
A9: Eksik | C9: =MAX(0,C7-C8)
A10: Her ay ayırabileceğim | C10: 4000
A11: Hedefe kaç ayda ulaşırım? | C11: =IF(C9=0,0,ROUNDUP(C9/C10,0))
A13: Ay | B13: Ay başı | C13: Eklenen | D13: Ay sonu | E13: Hedefe ulaşıldı mı?
A14: 1 | B14: =C8 | C14: =MIN($C$10,MAX(0,$C$7-B14)) | D14: =B14+C14 | E14: =IF(D14>=$C$7,"EVET","")
A15: 2 | B15: =D14 | C15: =MIN($C$10,MAX(0,$C$7-B15)) | D15: =B15+C15 | E15: =IF(D15>=$C$7,"EVET","")
A16: 3 | B16: =D15 | C16: =MIN($C$10,MAX(0,$C$7-B16)) | D16: =B16+C16 | E16: =IF(D16>=$C$7,"EVET","")
A17: 4 | B17: =D16 | C17: =MIN($C$10,MAX(0,$C$7-B17)) | D17: =B17+C17 | E17: =IF(D17>=$C$7,"EVET","")
A18: 5 | B18: =D17 | C18: =MIN($C$10,MAX(0,$C$7-B18)) | D18: =B18+C18 | E18: =IF(D18>=$C$7,"EVET","")
A19: 6 | B19: =D18 | C19: =MIN($C$10,MAX(0,$C$7-B19)) | D19: =B19+C19 | E19: =IF(D19>=$C$7,"EVET","")
A20: 7 | B20: =D19 | C20: =MIN($C$10,MAX(0,$C$7-B20)) | D20: =B20+C20 | E20: =IF(D20>=$C$7,"EVET","")
A21: 8 | B21: =D20 | C21: =MIN($C$10,MAX(0,$C$7-B21)) | D21: =B21+C21 | E21: =IF(D21>=$C$7,"EVET","")
A22: 9 | B22: =D21 | C22: =MIN($C$10,MAX(0,$C$7-B22)) | D22: =B22+C22 | E22: =IF(D22>=$C$7,"EVET","")
A23: 10 | B23: =D22 | C23: =MIN($C$10,MAX(0,$C$7-B23)) | D23: =B23+C23 | E23: =IF(D23>=$C$7,"EVET","")
A24: 11 | B24: =D23 | C24: =MIN($C$10,MAX(0,$C$7-B24)) | D24: =B24+C24 | E24: =IF(D24>=$C$7,"EVET","")
A25: 12 | B25: =D24 | C25: =MIN($C$10,MAX(0,$C$7-B25)) | D25: =B25+C25 | E25: =IF(D25>=$C$7,"EVET","")
A26: 13 | B26: =D25 | C26: =MIN($C$10,MAX(0,$C$7-B26)) | D26: =B26+C26 | E26: =IF(D26>=$C$7,"EVET","")
... A37: 24 | B37: =D36 | C37: =MIN($C$10,MAX(0,$C$7-B37)) | D37: =B37+C37 | E37: =IF(D37>=$C$7,"EVET","")
