Workbook

Sheet Kâr ve Nakit
A1: Kâr ile Nakit Aynı Şey Değil · ilk 6 ay (3.1)
A2: ÖRNEK VERİ · Örnek Mum Atölyesi uydurma bir işletmedir · tutarlar ve oranlar ÖRNEKTİR · vergiler bu tabloda yoktur
A3: Sarı hücre = girdi (değiştirebilirsiniz) · beyaz hücre = formül (elle yazmayın)
A5: Satışın peşin tahsil edilen oranı | C5: 0.4 | D5: Kalanı iki ay sonra tahsil edilir (vadeli satış).
A8: Kalem | B8: Ocak | C8: Şubat | D8: Mart | E8: Nisan | F8: Mayıs | G8: Haziran | H8: Toplam
A9: Satış (kesilen fatura) | B9: 40000 | C9: 55000 | D9: 70000 | E9: 80000 | F9: 90000 | G9: 100000 | H9: =SUM(B9:G9)
A10: Giderler (aynı ay ödenen) | B10: 45000 | C10: 50000 | D10: 55000 | E10: 60000 | F10: 62000 | G10: 65000 | H10: =SUM(B10:G10)
A11: Kâr (satış − gider) | B11: =B9-B10 | C11: =C9-C10 | D11: =D9-D10 | E11: =E9-E10 | F11: =F9-F10 | G11: =G9-G10 | H11: =SUM(B11:G11)
A12: Tahsilat: peşin kısım | B12: =B9*$C$5 | C12: =C9*$C$5 | D12: =D9*$C$5 | E12: =E9*$C$5 | F12: =F9*$C$5 | G12: =G9*$C$5 | H12: =SUM(B12:G12)
A13: Tahsilat: iki ay önceki satışın kalanı | B13: 0 | C13: 0 | D13: =B9*(1-$C$5) | E13: =C9*(1-$C$5) | F13: =D9*(1-$C$5) | G13: =E9*(1-$C$5) | H13: =SUM(B13:G13)
A14: Nakit girişi | B14: =B12+B13 | C14: =C12+C13 | D14: =D12+D13 | E14: =E12+E13 | F14: =F12+F13 | G14: =G12+G13 | H14: =SUM(B14:G14)
A15: Nakit akışı (giriş − gider) | B15: =B14-B10 | C15: =C14-C10 | D15: =D14-D10 | E15: =E14-E10 | F15: =F14-F10 | G15: =G14-G10 | H15: =SUM(B15:G15)
A16: Birikimli kâr | B16: =B11 | C16: =B16+C11 | D16: =C16+D11 | E16: =D16+E11 | F16: =E16+F11 | G16: =F16+G11
A17: Birikimli nakit | B17: =B15 | C17: =B17+C15 | D17: =C17+D15 | E17: =D17+E15 | F17: =E17+F15 | G17: =F17+G15
A18: Kâr artıda, nakit ekside mi? | B18: =IF(AND(B16>0,B17<0),"EVET","") | C18: =IF(AND(C16>0,C17<0),"EVET","") | D18: =IF(AND(D16>0,D17<0),"EVET","") | E18: =IF(AND(E16>0,E17<0),"EVET","") | F18: =IF(AND(F16>0,F17<0),"EVET","") | G18: =IF(AND(G16>0,G17<0),"EVET","")
A20: Başlangıçta gereken nakit (en düşük birikimli nakit) | C20: =-MIN(B17:G17)
A22: Kâr, faturanın kesildiği ayda; nakit, paranın kasaya girdiği ayda görünür.

Sheet Başabaş
A1: Başabaş Noktası (3.2)
A2: ÖRNEK VERİ · Örnek Mum Atölyesi uydurma bir işletmedir · tutarlar ve oranlar ÖRNEKTİR · vergiler bu tabloda yoktur
A3: Sarı hücre = girdi (değiştirebilirsiniz) · beyaz hücre = formül (elle yazmayın)
A5: Aylık sabit giderler (kira, maaş …) | C5: 30000
A6: Birim satış fiyatı (bir mum) | C6: 250
A7: Birim değişken maliyet | C7: 130
A8: Birim katkı payı | C8: =C6-C7
A9: Katkı payı oranı | C9: =C8/C6
A10: Başabaş adedi (aylık) | C10: =ROUNDUP(C5/C8,0)
A11: Başabaş cirosu | C11: =C10*C6
A12: Beklenen satış (adet) | C12: 400
A13: Güvenlik payı (adet) | C13: =C12-C10
A14: Beklenen aylık kâr | C14: =C12*C8-C5
A16: Adet | B16: Ciro | C16: Değişken maliyet | D16: Sabit gider | E16: Toplam maliyet | F16: Kâr / zarar
A17: 0 | B17: =A17*$C$6 | C17: =A17*$C$7 | D17: =$C$5 | E17: =C17+D17 | F17: =B17-E17
A18: 50 | B18: =A18*$C$6 | C18: =A18*$C$7 | D18: =$C$5 | E18: =C18+D18 | F18: =B18-E18
A19: 100 | B19: =A19*$C$6 | C19: =A19*$C$7 | D19: =$C$5 | E19: =C19+D19 | F19: =B19-E19
A20: 150 | B20: =A20*$C$6 | C20: =A20*$C$7 | D20: =$C$5 | E20: =C20+D20 | F20: =B20-E20
A21: 200 | B21: =A21*$C$6 | C21: =A21*$C$7 | D21: =$C$5 | E21: =C21+D21 | F21: =B21-E21
A22: 250 | B22: =A22*$C$6 | C22: =A22*$C$7 | D22: =$C$5 | E22: =C22+D22 | F22: =B22-E22
A23: 300 | B23: =A23*$C$6 | C23: =A23*$C$7 | D23: =$C$5 | E23: =C23+D23 | F23: =B23-E23
A24: 350 | B24: =A24*$C$6 | C24: =A24*$C$7 | D24: =$C$5 | E24: =C24+D24 | F24: =B24-E24
A25: 400 | B25: =A25*$C$6 | C25: =A25*$C$7 | D25: =$C$5 | E25: =C25+D25 | F25: =B25-E25
A26: 450 | B26: =A26*$C$6 | C26: =A26*$C$7 | D26: =$C$5 | E26: =C26+D26 | F26: =B26-E26
A27: 500 | B27: =A27*$C$6 | C27: =A27*$C$7 | D27: =$C$5 | E27: =C27+D27 | F27: =B27-E27

Sheet Fiyatlama
A1: Fiyatlama: Maliyet, Marj, Başabaş (3.3)
A2: ÖRNEK VERİ · Örnek Mum Atölyesi uydurma bir işletmedir · tutarlar ve oranlar ÖRNEKTİR · vergiler bu tabloda yoktur
A3: Sarı hücre = girdi (değiştirebilirsiniz) · beyaz hücre = formül (elle yazmayın)
A5: Birim değişken maliyet (Başabaş sayfasından) | C5: ='Başabaş'!C7
A6: Aylık sabit gider (Başabaş sayfasından) | C6: ='Başabaş'!C5
A7: Beklenen satış (adet) | C7: ='Başabaş'!C12
A8: Birim başına sabit gider payı | C8: =C6/C7
A9: Birim tam maliyet | C9: =C5+C8
A10: Maliyetin üstüne eklenen oran (ÖRNEK) | C10: 0.4
A11: Maliyet artı fiyat | C11: =C9*(1+C10)
A12: Bu fiyatta kâr marjı (fiyata göre) | C12: =(C11-C9)/C11
A14: Fiyat seçeneği | B14: Katkı payı | C14: Başabaş adedi | D14: Beklenen adette kâr | E14: Kâr marjı
A15: 200 | B15: =A15-$C$5 | C15: =IFERROR(ROUNDUP($C$6/B15,0),"—") | D15: =$C$7*B15-$C$6 | E15: =IFERROR(D15/($C$7*A15),0)
A16: 220 | B16: =A16-$C$5 | C16: =IFERROR(ROUNDUP($C$6/B16,0),"—") | D16: =$C$7*B16-$C$6 | E16: =IFERROR(D16/($C$7*A16),0)
A17: 250 | B17: =A17-$C$5 | C17: =IFERROR(ROUNDUP($C$6/B17,0),"—") | D17: =$C$7*B17-$C$6 | E17: =IFERROR(D17/($C$7*A17),0)
A18: =C11 | B18: =A18-$C$5 | C18: =IFERROR(ROUNDUP($C$6/B18,0),"—") | D18: =$C$7*B18-$C$6 | E18: =IFERROR(D18/($C$7*A18),0)
A19: 320 | B19: =A19-$C$5 | C19: =IFERROR(ROUNDUP($C$6/B19,0),"—") | D19: =$C$7*B19-$C$6 | E19: =IFERROR(D19/($C$7*A19),0)
A21: Beklenen adet her fiyatta aynı varsayıldı; gerçekte fiyat değişince talep de değişir. KDV vb. vergiler tabloda yok.

Sheet Nakit Akış Tablosu
A1: 12 Aylık İşletme Nakit Akış Tablosu (3.4)
A2: ÖRNEK VERİ · Örnek Mum Atölyesi uydurma bir işletmedir · tutarlar ve oranlar ÖRNEKTİR · vergiler bu tabloda yoktur
A3: Sarı hücre = girdi (değiştirebilirsiniz) · beyaz hücre = formül (elle yazmayın)
A5: Birim fiyat (Başabaş sayfasından) | C5: ='Başabaş'!C6
A6: Birim değişken maliyet (Başabaş sayfasından) | C6: ='Başabaş'!C7
A7: Satışın peşin tahsil edilen oranı (kalanı ertesi ay) | C7: 0.5
A9: Kalem | B9: Ocak | C9: Şubat | D9: Mart | E9: Nisan | F9: Mayıs | G9: Haziran | H9: Temmuz | I9: Ağustos | J9: Eylül | K9: Ekim | L9: Kasım | M9: Aralık | N9: Yıl toplamı
A10: Satış adedi | B10: 250 | C10: 260 | D10: 300 | E10: 320 | F10: 350 | G10: 300 | H10: 280 | I10: 300 | J10: 380 | K10: 420 | L10: 480 | M10: 600 | N10: =SUM(B10:M10)
A11: Satış tutarı | B11: =B10*$C$5 | C11: =C10*$C$5 | D11: =D10*$C$5 | E11: =E10*$C$5 | F11: =F10*$C$5 | G11: =G10*$C$5 | H11: =H10*$C$5 | I11: =I10*$C$5 | ... M11: =M10*$C$5 | N11: =SUM(B11:M11)
A12: Tahsilat: bu ayın peşin kısmı | B12: =B11*$C$7 | C12: =C11*$C$7 | D12: =D11*$C$7 | E12: =E11*$C$7 | F12: =F11*$C$7 | G12: =G11*$C$7 | H12: =H11*$C$7 | I12: =I11*$C$7 | ... M12: =M11*$C$7
A13: Tahsilat: geçen ayın kalanı | B13: 0 | C13: =B11*(1-$C$7) | D13: =C11*(1-$C$7) | E13: =D11*(1-$C$7) | F13: =E11*(1-$C$7) | G13: =F11*(1-$C$7) | H13: =G11*(1-$C$7) | I13: =H11*(1-$C$7) | J13: =I11*(1-$C$7) | ... M13: =L11*(1-$C$7)
A14: Nakit girişi | B14: =B12+B13 | C14: =C12+C13 | D14: =D12+D13 | E14: =E12+E13 | F14: =F12+F13 | G14: =G12+G13 | H14: =H12+H13 | I14: =I12+I13 | ... M14: =M12+M13 | N14: =SUM(B14:M14)
A15: Hammadde ödemesi | B15: =B10*$C$6 | C15: =C10*$C$6 | D15: =D10*$C$6 | E15: =E10*$C$6 | F15: =F10*$C$6 | G15: =G10*$C$6 | H15: =H10*$C$6 | I15: =I10*$C$6 | ... M15: =M10*$C$6 | N15: =SUM(B15:M15)
A16: Sabit giderler | B16: ='Başabaş'!$C$5 | C16: ='Başabaş'!$C$5 | D16: ='Başabaş'!$C$5 | E16: ='Başabaş'!$C$5 | F16: ='Başabaş'!$C$5 | G16: ='Başabaş'!$C$5 | H16: ='Başabaş'!$C$5 | I16: ='Başabaş'!$C$5 | ... M16: ='Başabaş'!$C$5 | N16: =SUM(B16:M16)
A17: Ekipman / yatırım | B17: 0 | C17: 0 | D17: 0 | E17: 40000 | F17: 0 | G17: 0 | H17: 0 | I17: 0 | J17: 0 | K17: 0 | L17: 0 | M17: 0 | N17: =SUM(B17:M17)
A18: Nakit çıkışı | B18: =B15+B16+B17 | C18: =C15+C16+C17 | D18: =D15+D16+D17 | E18: =E15+E16+E17 | F18: =F15+F16+F17 | G18: =G15+G16+G17 | H18: =H15+H16+H17 | I18: =I15+I16+I17 | ... M18: =M15+M16+M17 | N18: =SUM(B18:M18)
A19: Net nakit akışı | B19: =B14-B18 | C19: =C14-C18 | D19: =D14-D18 | E19: =E14-E18 | F19: =F14-F18 | G19: =G14-G18 | H19: =H14-H18 | I19: =I14-I18 | ... M19: =M14-M18 | N19: =SUM(B19:M19)
A20: Açılış bakiyesi | B20: 50000 | C20: =B21 | D20: =C21 | E20: =D21 | F20: =E21 | G20: =F21 | H20: =G21 | I20: =H21 | J20: =I21 | ... M20: =L21
A21: Kapanış bakiyesi | B21: =B20+B19 | C21: =C20+C19 | D21: =D20+D19 | E21: =E20+E19 | F21: =F20+F19 | G21: =G20+G19 | H21: =H20+H19 | I21: =I20+I19 | ... M21: =M20+M19
A22: Durum | B22: =IF(B21<0,"KASA AÇIĞI","") | C22: =IF(C21<0,"KASA AÇIĞI","") | D22: =IF(D21<0,"KASA AÇIĞI","") | E22: =IF(E21<0,"KASA AÇIĞI","") | F22: =IF(F21<0,"KASA AÇIĞI","") | G22: =IF(G21<0,"KASA AÇIĞI","") | H22: =IF(H21<0,"KASA AÇIĞI","") | I22: =IF(I21<0,"KASA AÇIĞI","") | ... M22: =IF(M21<0,"KASA AÇIĞI","")
A24: En düşük kapanış | C24: =MIN(B21:M21)
A25: Kasa açığı veren ay sayısı | C25: =COUNTIF(B21:M21,"<0")
